{
  "trackMin0_h": 239.7265625,
  "trackMin1_h": 256,
  "trackMax1_h": -1,
  "trackMax0_h": 250.3249969482422,
  "trackExpand": 10,
  "trackMax1_s": -1,
  "trackMin1_s": 256,
  "trackMax0_s": 213.0379638671875,
  "trackMin0_s": 115.38461303710938,
  "trackMin0_b": 137,
  "trackMax1_b": -1,
  "trackMax0_b": 221,
  "trackMin1_b": 256
}