{
  "trackMin0_h": 63.064517974853516,
  "trackMin1_h": 256,
  "trackMax1_h": -1,
  "trackMax0_h": 91.58451080322266,
  "trackExpand": 10,
  "trackMax1_s": -1,
  "trackMin1_s": 256,
  "trackMax0_s": 137.70001220703125,
  "trackMin0_s": 78.54430389404297,
  "trackMin0_b": 138,
  "trackMax1_b": -1,
  "trackMax0_b": 239,
  "trackMin1_b": 256
}